ID,sort order,company,video,youtube url,name,index,description
98,2,,static/users/other_5S0ZGAp,,,,
97,1,,static/users/other_JhjYbTF,,,,
96,0,,static/users/other_zzOYDII,,,,
95,1,,static/users/other_mlZjVN2,,,,eeeeee
94,0,,static/users/other_eaEodtB,,,,
11,3,Lia Fruit ,static/users/other_GJra6xc,,,,
10,2,Lia Fruit ,static/users/other_x0H4Q3R,,,,
9,1,Lia Fruit ,static/users/other_j8KIqDU,,,,
8,0,Lia Fruit ,static/users/other_wWJNCYH,,,,
7,5,,static/users/other_yTsDhHe,,,,
6,4,,static/users/other_hK5o65a,,,,
5,3,,static/users/other_ZKiRa4h,,,,
4,2,,static/users/other_tB0VVVV,,,,
3,1,,static/users/other_d2oVjlr,,,,
2,0,,static/users/other_pdAwkXY,,,,
1,0,ooo,static/users/other_uUWBGuA,,,,
