ID,sort order,company,image,name,index,description
114,0,fgfhhd,static/users/other_df0FjAi,,,
113,0,shreyaagarwal,static/users/other_YGWkOtP,,,
110,0,poaks,static/users/other_xdTe1tn,,,
108,0,ok demo,static/users/other_XKNnAVv,,,
107,0,asdf,static/users/other_F2xfDpb,,,
100,2,shreya,static/users/other_WT5pnUL,,,
99,1,shreya,static/users/other_Jie45oW,,,
98,0,shreya,static/users/other_UkLMqVj,,,
97,0,Tekinler,static/users/other_YhCDcYD,,,
96,12,,static/users/other_kADnunq,,,
95,11,,static/users/other_zabgvG7,,8,
94,10,,static/users/other_hNvHido,,11,
93,9,,static/users/other_LYT4mCX,,10,
92,8,,static/users/other_VTjLORm,,9,
91,7,,static/users/other_DJyfbEJ,,7,
90,6,,static/users/other_EkyFYyG,,6,
89,5,,static/users/other_uGYijGF,,5,
88,4,,static/users/other_n08giYM,,4,
87,3,,static/users/other_4FDuPBD,,0,
86,2,,static/users/other_JuEyr9Y,,2,
85,1,,static/users/other_S5E6Cp4,,1,
84,0,,static/users/other_QlEs4Mu,,3,
83,0,Gunbak,static/users/other_MFfME2o,,,
82,0,Feray Ahsap,static/users/other_hQAgqBk,,,
81,0,Rastgele SurfBoards,static/users/other_ApQmpNu,,,
80,3,,static/users/other_N5te5hN,,4,
79,2,,static/users/other_UIb5aYD,,3,
78,1,,static/users/other_qr9OP3V,,1,
77,1,,static/users/other_RNYwTKi,,2,
75,0,,static/users/other_t4iHKYw,,0,
61,4,Boyraz ,static/users/other_JSVFaLS,,,
60,3,Boyraz ,static/users/other_Js3bmig,,,
59,2,Boyraz ,static/users/other_2Gro4V4,,,
58,1,Boyraz ,static/users/other_cO8BSvb,,,
57,0,Boyraz ,static/users/other_ZjFR7pE,,,
56,2,Turkel ,static/users/other_OnGmC9m,,,
55,1,Turkel ,static/users/other_bFz0NAJ,,,
54,0,Turkel ,static/users/other_pD1oS6D,,,
52,0,EGEM'DEN,static/users/other_2BtUMlH,,,
38,2,Arbel,static/users/other_1aJKC61,,,
37,1,Arbel,static/users/other_a2vHBfm,,,
36,0,Arbel,static/users/other_7amKLuL,,,
34,1,Kocabag Wines ,static/users/other_gwf36Jd,,,
33,0,Kocabag Wines ,static/users/other_MXzs8ZI,,,
32,0,Gonen Rose,static/users/other_hos76om,,,
31,3,Kimil Tekstil A.S.,static/users/other_ERlc44p,,,
30,2,Kimil Tekstil A.S.,static/users/other_gMXpOUB,,,
29,2,Kimil Tekstil A.S.,static/users/other_Z0Dl0in,,,
28,1,Kimil Tekstil A.S.,static/users/other_JZgZu2r,,,
27,0,Kimil Tekstil A.S.,static/users/other_Sc6AoPG,,,
20,0,,static/users/other_FdslOxs,,,
19,3,,static/users/other_J6EdPrT,,,
18,2,,static/users/other_khpiBXd,,,
17,1,,static/users/other_UpaUftJ,,,
16,0,,static/users/other_jbpdHSh,,,
15,4,oo,static/users/other_uQciLFU,,,
14,3,oo,static/users/other_JBxOxGB,,,
13,2,oo,static/users/other_gWT6WIk,,,
11,1,oo,static/users/other_g9QrHyz,,,
10,0,oo,static/users/other_Z89ma1u,,,
9,3,,static/users/other_Z01OlSY,,3,
8,2,ooo,static/users/other_nPRXbQp,,,
7,1,ooo,static/users/other_yheuMwh,,,
5,0,ooo,static/users/other_jgkbjg7,,,
3,2,,static/users/other_V7hg5qv,,2,
2,1,,static/users/other_UBIR4AD,,1,
1,0,,static/users/other_dh12SnI,,0,
