ID,sort order,company,brochure,name,index,description
19,3,,static/users/other_u62sFQC,,,
18,1,,static/users/other_MYWTYS5,,2,
17,1,,static/users/other_zmjb1Vz,,1,
15,0,,static/users/other_Cfr3eV8,,3,
14,0,,static/users/other_JwvHpFv,,0,
13,2,,static/users/other_QDnpGe6,,0,
12,1,,static/users/other_k63dSPQ,,2,
10,0,,static/users/other_rO7CfTf,,3,
7,0,Lia Fruit ,static/users/other_aGyFU4n,,,
6,0,,static/users/other_9KACzKJ,,,
4,1,,static/users/other_Uksreas,,,
3,0,,static/users/other_yAlGVv6,,,
2,1,ooo,static/users/other_4EWrWPw,,,
1,0,ooo,static/users/other_R8uXzhh,,,
